business_name,website,email,phone,source
758 Uber Excursions,,,,"stlucia.org"
Amazona Tours,,,,"stlucia.org"
Angels Tours,,,,"stlucia.org"
Aquarius Waterworld Ltd,,,,"stlucia.org"
A-Touring Services Ltd,,,,"stlucia.org"
Barefoot Holidays Saint Lucia,,,,"stlucia.org"
Bateau Mygo,,,,"stlucia.org"
Benny Boat Tours,,,,"stlucia.org"
Captain Cliff Adventure Tours,,,,"stlucia.org"
Captain Mike's Sports Fishing,,,,"stlucia.org"
Carnival Sailing,,,,"stlucia.org"
Christopher Taxi & Jeep Rental Services,,,,"stlucia.org"
City Walkers,,,,"stlucia.org"
C & M Touring,,,,"stlucia.org"
Coastal Adventures,,,,"stlucia.org"
CoCo Events,,,,"stlucia.org"
Cosol Tours,,,,"stlucia.org"
Cox & Company Ltd,,,,"stlucia.org"
Davids Tours & Travel Limited,,,,"stlucia.org"
Department of Forestry Nature Trails,,,,"stlucia.org"
Elite Nautical and Land Tours Inc.,,,,"stlucia.org"
ERA Secrets of the South,,,,"stlucia.org"
Evergreen Touring,,,,"stlucia.org"
Exodus Boat Charters,,,,"stlucia.org"
Exquisite Taxi & Tours,,,,"stlucia.org"
Father Nature Adventures 758,,,,"stlucia.org"
Feel Good Tours,,,,"stlucia.org"
First 4 Sail,,,,"stlucia.org"
First Class Touring,,,,"stlucia.org"
Fond Gen Libre Tour Services,,,,"stlucia.org"
Foster & Ince Cruise Services (St. Lucia) Ltd,,,,"stlucia.org"
Fram Tours & Taxi Services,https://www.framtoursstlucia.com/,,+1 758 723 9095,"framtoursstlucia.com"
Fun To See Island,,,,"stlucia.org"
Fun Time Tours,,,,"stlucia.org"
Fun Tours Inc,,,,"stlucia.org"
Gem Xcursions,,,,"stlucia.org"
Gideon Water Tours,,,,"stlucia.org"
Grasshopper Tours,,,,"stlucia.org"
H & A Tours Ltd,,,,"stlucia.org"
Hackshaw Boat Charters,,,,"stlucia.org"
Hibiscus Tours St Lucia,,,,"stlucia.org"
Imagine Tours,,,,"stlucia.org"
Infinity Boat Tours,,,,"stlucia.org"
Island Adventures Company Limited,,,,"stlucia.org"
Island Bucket List Tours,,,,"stlucia.org"
Island Man Taxi and Tours,,,,"stlucia.org"
Island Routes,,,,"stlucia.org"
Israel King Water Taxi Private Tours,,,,"stlucia.org"
Iyanola Adventure Tours,,,,"stlucia.org"
JJ's Touring Services,,,,"stlucia.org"
Joe Knows Tours,,,,"stlucia.org"
John's Tours SLU,,,,"stlucia.org"
Joy Coastal Adventures,,,,"stlucia.org"
Julian Boat Tours,,,,"stlucia.org"
Jus' Sail,,,,"stlucia.org"
Kirk Elliot Photography,,,,"stlucia.org"
Knotty Girl,,,,"stlucia.org"
KsK Tours,,,,"stlucia.org"
Leisure Sightseeing Tours & Transfers,,,,"stlucia.org"
Majestic Taxi & Tours,,,,"stlucia.org"
Marc Taxi Services and Tours,,,,"stlucia.org"
Michael German Tours,,,,"stlucia.org"
Michael Water Taxi Services,,,,"stlucia.org"
More Than A CaB,,,,"stlucia.org"
Mystic Man Tours,,,,"stlucia.org"
Nature Trail Forests Tours Ltd Touring Company,,,,"stlucia.org"
Nerv's Taxi and Rental Services,,,,"stlucia.org"
New Heights Tours Ltd,,,,"stlucia.org"
Spencer Ambrose Tours,https://spencerambrose.com/,tours@spencerambrose.com,+1 758 721 8844,"spencerambrose.com"
Serenity Tours,https://serenitytvl.com/,ambassador@serenitytvl.com,+1 758 450 4525,"serenitytvl.com"
Beyond the Port,https://beyondtheportslu.com/,beyondtheportslu@gmail.com,+1 912 229 0875,"beyondtheportslu.com"
Ocean Angel Boat Tours,https://www.oceanangelboattours.com/,,+1 758 726 9364,"oceanangelboattours.com"
Taxi and Tours St Lucia,http://www.taxiandtoursstlucia.com/,,+1 758 715 1881,"taxiandtoursstlucia.com"
Bay Gardens Hotels & Resorts,https://www.baygardensresorts.com/,info@baygardensresorts.com,,"baygardensresorts.com"
Serenity at Coconut Bay,https://serenityatcoconutbay.com/,serenity@cbayna.com,+1 758 459 6064,"serenityatcoconutbay.com"
Hideaway at Royalton Saint Lucia,https://www.hideawayroyaltonsaintlucia.com/,,+1 888 774 0040,"hideawayroyaltonsaintlucia.com"
Saint Lucia Water Park,https://www.saintluciawaterpark.com/,info@saintluciawaterpark.com,+1 758 457 8532,"saintluciawaterpark.com"
Velocity Powersports,https://www.velocitypowersportsinc.com/,,,velocitypowersportsinc.com"
Knotty Girl Boat Tours,https://knottygirlboattours.com/,bookings@knottygirlboattours.com,,"knottygirlboattours.com"
Jus' Sail Catamaran,http://www.jussail.com/,sail@jussail.com,,"jussail.com"
